NAME,AGE
Prisca,544
Rafaela,452
Townsend,666
Georgeanne,622
Cosette,469
Hollie,394
Gunter,908
Louisette,76
Ailina,112
Tamas,190
Melania,135
Karla,854
Douglas,350
Lorelei,599
Bealle,510
Bethena,952
Way,890
Gui,361
Truman,1000
Maiga,925
Donnie,872
Elene,371
Kalli,660
Lodovico,210
Arlen,705
Darin,520
Clint,207
Sonia,874
Rees,80
Hardy,546
Camel,16
Adolf,653
Tarrah,984
Hurlee,762
Thurstan,217
Rockie,641
Kingsly,193
Moises,826
Cathryn,748
Jarrod,127
Kristy,350
Sibilla,388
Son,948
Willow,898
Wendie,345
Melli,855
Eleonore,351
Lorena,317
Gilemette,483
Inger,702
Pamelina,851
Nolie,679
Missy,449
Griz,717
Konrad,756
Shanie,42
Bernardo,265
Veronica,934
Dalli,231
Maryanna,366
Bartholomew,591
Siward,216
Pepillo,422
Calley,885
Barr,442
Gal,852
Remington,487
Rhys,858
Ludovico,168
Alameda,849
Persis,943
Cirilo,363
Wini,498
Janey,991
Catina,620
Jandy,454
Zebedee,725
Whitney,832
Nicol,661
Georgetta,357
Kally,518
Selma,398
Catherina,802
Helen-elizabeth,159
Adriena,235
Kip,22
Halsy,362
Joseito,946
Boyd,210
Silva,838
Allina,799
Noemi,564
Cecilio,798
Elsa,760
Fenelia,529
Inger,944
Tony,883
Adena,958
Laurie,162
Trenton,796
Abel,622
Chelsy,887
Whitaker,301
Carlynne,741
Griz,101
Nathaniel,835
Wini,524
Sabra,641
Herbert,374
Wylma,585
Shoshana,282
Deny,346
Maxim,143
Ania,588
Fairlie,20
Bevon,106
Alfie,602
Ruthanne,499
Adela,13
Torin,508
Alwyn,550
Hyatt,163
Shela,896
Malvin,121
Mayor,873
Aguie,14
Judye,607
Celestine,412
Violetta,948
Mickey,258
Aurilia,389
Haily,534
Goober,503
Mic,52
Rosa,564
Paxton,225
Dill,381
Florance,336
Annis,682
Edi,871
Eugenio,634
Darline,34
Diann,4
Bard,477
Dael,448
Alfie,756
Garrard,681
Rudie,236
Leigh,904
Mohandis,256
Portia,628
Stevy,923
Roger,715
Roxanne,856
Kaia,523
Melvin,352
Becki,868
Demeter,973
Dosi,238
Christal,911
Luther,424
Fallon,467
Elsey,553
Trudi,527
Zitella,707
Kincaid,881
Quincey,515
Emelita,393
Dunc,611
Mozelle,521
Janith,312
Kelsey,26
Garwin,425
Demetris,483